genes	2class	3class
A1CF	1.0	2.0
AAAS		
AANAT		
AARS1		
AARS2		
AASS		
ABCA1		
ABCA12		
ABCA3		
ABCA4		
ABCB1	1.0	2.0
ABCB11		
ABCB4		
ABCB7		
ABCC2		
ABCC6		
ABCC8		
ABCC9		
ABCD1		
ABCD1P4		
ABI1	1.0	1.0
ABL1	1.0	2.0
ABL2	1.0	2.0
ABRAXAS1	1.0	1.0
ACAD8		
ACAD9		
ACADM		
ACADS		
ACADSB		
ACADVL		
ACD		
ACE		
ACKR3	1.0	1.0
ACOX1		
ACSL3		
ACSL4		
ACSL6		
ACTA1		
ACTA2		
ACTB		
ACTC1		
ACTG1	1.0	1.0
ACTN2		
ACTN4		
ACVR1	1.0	2.0
ACVR1B	1.0	1.0
ACVR2A	1.0	1.0
ACVRL1		
ACY1		
ADAM33		
ADAM9		
ADAMTS10		
ADAMTS13		
ADAMTS2		
ADAMTSL4		
ADARB2	1.0	2.0
ADGB		
ADGRA2	1.0	2.0
ADGRG1		
ADGRG4		
ADGRV1		
ADHFE1	1.0	2.0
ADIPOQ		
ADRA1B		
AFDN	1.0	1.0
AFF1		
AFF2		
AFF3	1.0	2.0
AFF4	1.0	2.0
AFG3L2		
AGA		
AGBL3		
AGGF1	1.0	2.0
AGK	1.0	2.0
AGL		
AGO1	1.0	2.0
AGO2		
AGPAT2		
AGPS		
AGRP		
AGTR1		
AGTR2		
AGXT		
AICDA		
AIFM1		
AIPL1		
AIRE		
AJUBA	1.0	1.0
AK1		
AK2		
AKAP10		
AKAP9		
AKR1B1	1.0	2.0
AKT1	1.0	2.0
AKT1S1	1.0	2.0
AKT2	1.0	2.0
AKT3	1.0	2.0
ALAD		
ALAS2		
ALDH1L2	1.0	2.0
ALDH2	1.0	1.0
ALDH3A2		
ALDOB		
ALG1		
ALG11		
ALG12		
ALG2		
ALG3		
ALG6		
ALG8		
ALG9		
ALK	1.0	2.0
ALMS1		
ALOX12B	1.0	1.0
ALOX15B	1.0	1.0
ALOX5	1.0	1.0
ALOX5AP		
ALOXE3		
ALPK3		
ALPL		
ALS2		
ALX4		
AMELX		
AMER1	1.0	1.0
AMH		
AMHR2		
AMT		
ANG		
ANGPTL3		
ANK1		
ANK2		
ANKH		
ANKRD1		
ANKRD11	1.0	1.0
ANKRD26	1.0	2.0
ANKRD7		
ANO10		
ANO5		
ANO6		
ANOS1		
ANTXR1	1.0	1.0
ANTXR2		
AP1S2		
AP3B1		
AP4E1		
AP4M1		
AP5Z1		
APC	1.0	1.0
APCDD1		
APEH		
APEX1	1.0	2.0
APH1A		
APLNR	1.0	1.0
APOA1		
APOA5		
APOB		
APOBEC3B	1.0	1.0
APOC2		
APOE		
APOL1		
APP		
APTX		
AQP12B		
AQP2		
ARAF	1.0	2.0
ARFGEF2		
ARFRP1		
ARHGAP20		
ARHGAP24		
ARHGAP26	1.0	1.0
ARHGAP31		
ARHGAP35	1.0	1.0
ARHGAP5	1.0	2.0
ARHGEF10	1.0	1.0
ARHGEF10L	1.0	1.0
ARHGEF12	1.0	1.0
ARHGEF28	1.0	2.0
ARHGEF6		
ARHGEF7		
ARID1A	1.0	1.0
ARID1B	1.0	1.0
ARID2	1.0	1.0
ARID3A	1.0	1.0
ARID3B	1.0	2.0
ARID3C		
ARID4A	1.0	1.0
ARID4B	1.0	1.0
ARID5A		
ARID5B	1.0	1.0
ARMS2		
ARNT	1.0	1.0
ARSA		
ARSL		
ARTN	1.0	1.0
ARX		
ASAH1		
ASCC1		
ASCL1	1.0	2.0
ASL		
ASMTL		
ASPA		
ASPM		
ASPN		
ASPSCR1		
ASS1		
ASXL1	1.0	1.0
ASXL2	1.0	1.0
ATCAY		
ATG16L1		
ATG5		
ATIC	1.0	2.0
ATL1		
ATM	1.0	1.0
ATMIN	1.0	1.0
ATN1		
ATOH7		
ATP10A		
ATP13A2		
ATP13A4		
ATP1A1	1.0	1.0
ATP1A2		
ATP1A3		
ATP2A2		
ATP2B3	1.0	1.0
ATP2C1		
ATP6AP1		
ATP6AP2		
ATP6V0A2		
ATP6V0A4		
ATP6V1B1		
ATP6V1B2	1.0	1.0
ATP7A		
ATP7B		
ATP8B1		
ATRIP	1.0	1.0
ATRX	1.0	1.0
ATXN1		
ATXN10		
ATXN2	1.0	1.0
ATXN3		
ATXN7	1.0	2.0
AURKA	1.0	2.0
AURKAIP1	1.0	1.0
AURKB	1.0	2.0
AVPR2		
AXIN1	1.0	1.0
AXIN2	1.0	1.0
AXL	1.0	2.0
B2M	1.0	1.0
B3GNT2		
B4GALT1		
B4GALT7		
BAALC	1.0	2.0
BABAM1		
BACH2	1.0	1.0
BAG3		
BANK1		
BARD1	1.0	1.0
BAX	1.0	1.0
BAZ1A	1.0	1.0
BBC3	1.0	1.0
BBS1		
BBS10		
BBS12		
BBS2		
BBS4		
BBS5		
BBS7		
BBS9		
BCKDHA		
BCKDHB		
BCL10	1.0	1.0
BCL11A	1.0	2.0
BCL11B	1.0	1.0
BCL2	1.0	2.0
BCL2L1		
BCL2L11	1.0	1.0
BCL2L12	1.0	2.0
BCL2L2	1.0	2.0
BCL3	1.0	2.0
BCL6	1.0	2.0
BCL7A	1.0	1.0
BCL9	1.0	2.0
BCL9L	1.0	1.0
BCLAF1		
BCO1		
BCOR	1.0	1.0
BCORL1	1.0	1.0
BCR	1.0	2.0
BDNF		
BEAN1		
BEST1		
BIN1		
BIRC3	1.0	1.0
BIRC6	1.0	2.0
BLK		
BLM	1.0	1.0
BLNK		
BLOC1S3		
BLOC1S6		
BLVRA		
BMP15		
BMP4		
BMP5		
BMPR1A	1.0	1.0
BMPR2		
BRAF	1.0	2.0
BRCA1	1.0	1.0
BRCA2	1.0	1.0
BRD3	1.0	2.0
BRD4	1.0	2.0
BRIP1	1.0	1.0
BRSK1	1.0	1.0
BRWD3		
BSCL2		
BSN		
BSND		
BTBD9		
BTD		
BTF3P11		
BTG1	1.0	1.0
BTG2	1.0	1.0
BTK	1.0	1.0
BTLA		
BTNL2		
BUB1B	1.0	1.0
BUD13		
C1orf141		
C3		
C4A		
C4B_2		
C6orf15		
C9orf72		
CA2		
CA4		
CACNA1A		
CACNA1C		
CACNA1D	1.0	2.0
CACNA1F		
CACNA1H		
CACNA1S		
CACNA2D4		
CACNB2		
CACNB4		
CACNG2		
CALR	1.0	2.0
CALR3		
CAMK4		
CAMTA1	1.0	1.0
CANT1	1.0	2.0
CAPN10		
CAPN3		
CARD11	1.0	2.0
CARD9		
CARM1		
CARS1	1.0	1.0
CASK		
CASP10		
CASP14		
CASP3	1.0	1.0
CASP8	1.0	1.0
CASP9	1.0	1.0
CASR	1.0	1.0
CAT		
CATSPER1		
CATSPER2		
CAV1		
CAV3		
CAVIN1		
CAVIN4		
CBFA2T3	1.0	1.0
CBFB	1.0	1.0
CBL	1.0	1.0
CBS		
CBX2		
CC2D1A		
CCDC121		
CCDC122		
CCDC39		
CCDC40		
CCDC6	1.0	1.0
CCHCR1		
CCM2		
CCN6	1.0	1.0
CCNB1IP1	1.0	1.0
CCNB3	1.0	2.0
CCNC	1.0	1.0
CCND1	1.0	2.0
CCND2	1.0	2.0
CCND3	1.0	2.0
CCNE1	1.0	2.0
CCNQ	1.0	1.0
CCNY		
CCR5		
CCR7	1.0	2.0
CCSER1		
CCT5		
CCT6B		
CD19	1.0	2.0
CD209		
CD22		
CD24		
CD247		
CD274	1.0	1.0
CD276	1.0	2.0
CD28	1.0	2.0
CD2AP		
CD36		
CD40		
CD40LG		
CD46		
CD58	1.0	1.0
CD70	1.0	2.0
CD74	1.0	2.0
CD79A	1.0	2.0
CD79B	1.0	2.0
CD81		
CDAN1		
CDC42	1.0	2.0
CDC5L		
CDC73	1.0	1.0
CDH10	1.0	1.0
CDH11	1.0	1.0
CDH15		
CDH17	1.0	2.0
CDH2	1.0	2.0
CDH23		
CDH4	1.0	2.0
CDHR1		
CDK12	1.0	1.0
CDK4	1.0	2.0
CDK6	1.0	2.0
CDK8	1.0	2.0
CDKAL1		
CDKL5		
CDKN1B	1.0	1.0
CDKN1C	1.0	1.0
CDKN2A	1.0	1.0
CDKN2B	1.0	1.0
CDKN2C	1.0	1.0
CDKN3		
CDON		
CDPF1	1.0	1.0
CDSN		
CDX2	1.0	1.0
CEBPA	1.0	1.0
CEL		
CENPA		
CENPCP1		
CEP290		
CEP43		
CEP72		
CEP89		
CERKL		
CETP		
CFAP126		
CFAP73		
CFB		
CFC1		
CFD		
CFH		
CFHR5		
CFI		
CFL2		
CFTR		
CGNL1		
CHAT		
CHCHD7		
CHD2	1.0	1.0
CHD4	1.0	2.0
CHD7		
CHEK1	1.0	1.0
CHEK2	1.0	1.0
CHIC2		
CHM		
CHMP2B		
CHN1		
CHRNA1		
CHRNA2		
CHRNA4		
CHRNB1		
CHRNB2		
CHRND		
CHRNE		
CHST11	1.0	2.0
CHST14		
CHST3		
CHST6		
CHTF8	1.0	1.0
CIITA	1.0	1.0
CILK1		
CILP		
CISD2		
CKS1B		
CLCN1		
CLCN2		
CLCN5		
CLCN7		
CLCNKA		
CLCNKB		
CLEC7A		
CLIP1		
CLN3		
CLN5		
CLN6		
CLN8		
CLRN1		
CLTC	1.0	1.0
CLTCL1	1.0	1.0
CMC4		
CMTR2	1.0	1.0
CNBD1		
CNBP	1.0	1.0
CNGA1		
CNGA3		
CNGB1		
CNGB3		
CNKSR2	1.0	2.0
CNNM4		
CNOT3	1.0	1.0
CNOT6	1.0	2.0
CNTN1		
CNTNAP2		
CNTNAP5		
CNTRL		
COA1		
COA5		
COG1		
COG4		
COG5		
COG6		
COG7		
COG8		
COL11A2		
COL17A1		
COL18A1		
COL1A1	1.0	2.0
COL1A2		
COL2A1	1.0	1.0
COL3A1		
COL4A1		
COL4A3		
COL4A4		
COL4A5		
COL5A1		
COL5A2		
COL6A1		
COL6A2		
COL6A3		
COL6A5		
COL7A1		
COL8A2		
COL9A1		
COL9A2		
COL9A3		
COLQ		
COMP		
COQ8A		
COX10		
COX15		
COX4I2		
COX6B1		
COX6C		
CPEB3	1.0	1.0
CPOX		
CR2		
CRB1		
CRBN	1.0	1.0
CREB1	1.0	2.0
CREB3L1	1.0	1.0
CREB3L2	1.0	2.0
CREBBP	1.0	1.0
CRELD1		
CREM		
CRKL	1.0	2.0
CRLF2	1.0	2.0
CRNKL1		
CRTAP		
CRTC1	1.0	2.0
CRTC3		
CRX		
CRYAA		
CRYGC		
CRYGD		
CSDE1		
CSF1		
CSF1R	1.0	2.0
CSF2RA		
CSF3R	1.0	2.0
CSMD3		
CSNK1D		
CSRP3		
CST3		
CSTB		
CTC1		
CTCF	1.0	1.0
CTDNEP1	1.0	1.0
CTDP1		
CTHRC1		
CTLA4	1.0	2.0
CTNNA1	1.0	1.0
CTNNA2	1.0	2.0
CTNNB1	1.0	2.0
CTNND1		
CTNND2	1.0	2.0
CTNS		
CTR9	1.0	1.0
CTSA		
CTSC		
CTSD		
CTSK		
CUBN		
CUL3	1.0	1.0
CUL4A	1.0	2.0
CUL4B		
CUX1	1.0	1.0
CX3CR1		
CXCR1		
CXCR2		
CXCR4	1.0	2.0
CYB5A		
CYB5R3		
CYBB		
CYCS		
CYCSP42		
CYCSP5		
CYLD	1.0	1.0
CYP11B1		
CYP11B2		
CYP17A1		
CYP19A1	1.0	2.0
CYP1B1		
CYP21A2		
CYP24A1		
CYP27A1		
CYP27B1		
CYP27C1		
CYP2A6		
CYP2C8		
CYP2R1		
CYP4F22		
CYP7B1		
CYSLTR2	1.0	2.0
DAB2		
DAB2IP		
DAGLA		
DAXX	1.0	1.0
DAZ1		
DAZ2		
DAZ3		
DAZ4		
DAZAP1		
DBT		
DCAF12L2		
DCC		
DCDC2		
DCLRE1C		
DCN		
DCTN1		
DCUN1D1	1.0	2.0
DCX		
DDB2	1.0	1.0
DDIT3	1.0	2.0
DDR1		
DDR2	1.0	2.0
DDX10	1.0	1.0
DDX3X	1.0	1.0
DDX3Y		
DDX4	1.0	2.0
DDX41	1.0	1.0
DDX5	1.0	2.0
DDX6	1.0	2.0
DEK	1.0	2.0
DEPDC1B		
DES		
DFFB	1.0	2.0
DGCR8	1.0	2.0
DHCR7		
DHDDS		
DHFR		
DHFRP2		
DHH		
DHODH		
DHX15	1.0	1.0
DIAPH1		
DIAPH2		
DICER1	1.0	1.0
DIRC1		
DIS3	1.0	1.0
DIS3L2	1.0	1.0
DKC1		
DLD		
DLEC1		
DLL3	1.0	2.0
DLX3		
DMBT1		
DMD		
DMPK		
DMTF1		
DNAAF1		
DNAAF2		
DNAAF4		
DNAH11		
DNAH5		
DNAH9		
DNAI1		
DNAI2		
DNAJB1		
DNAJC19		
DNAJC5		
DNASE1		
DNM2	1.0	1.0
DNMT1	1.0	2.0
DNMT3A	1.0	1.0
DNMT3B	1.0	1.0
DNPEP		
DOCK8		
DOK7		
DOLK		
DOT1L	1.0	2.0
DPAGT1		
DPM1		
DPP10		
DPP4		
DPP6		
DPYD		
DPYS		
DRD2		
DRD3		
DROSHA	1.0	1.0
DSC3		
DSG1		
DSG2		
DSG4		
DSP		
DSPP		
DTNA		
DTNBP1		
DTX1	1.0	1.0
DUOX2		
DUOXA2		
DUSP2		
DUSP22	1.0	1.0
DUSP4	1.0	1.0
DUSP9		
DYNC1H1		
DYNC2H1		
DYRK1A		
DYSF		
E2F3	1.0	2.0
EBF1	1.0	1.0
ECM1		
ECSIT	1.0	2.0
ECT2L	1.0	1.0
EDA		
EDAR		
EDARADD		
EDIL3		
EDN3		
EDNRB		
EED	1.0	1.0
EFEMP2		
EFHC1		
EGFL7	1.0	2.0
EGFR	1.0	2.0
EGLN1		
EGR1	1.0	1.0
EGR2	1.0	1.0
EHBP1		
EHMT1		
EIF1AX	1.0	2.0
EIF2AK3		
EIF2B1	1.0	1.0
EIF2B2		
EIF2B3		
EIF2B4		
EIF2B5		
EIF3E	1.0	1.0
EIF4A2	1.0	2.0
EIF4E	1.0	2.0
EIF4G1		
EIF6		
ELAC2		
ELANE		
ELF3	1.0	1.0
ELF4	1.0	1.0
ELK4	1.0	2.0
ELL	1.0	1.0
ELL2	1.0	1.0
ELOC		
ELOVL4		
ELP1		
ELP2		
EMD		
EML4	1.0	2.0
EMSY	1.0	2.0
EMX2		
ENAM		
ENG		
ENPP1		
EOMES		
EP300	1.0	1.0
EP400	1.0	1.0
EPAS1	1.0	1.0
EPB41		
EPB41L1		
EPB42		
EPCAM	1.0	1.0
EPHA3	1.0	1.0
EPHA4		
EPHA5		
EPHA7	1.0	1.0
EPHB1	1.0	1.0
EPHB2		
EPHB4	1.0	2.0
EPM2A		
EPOR	1.0	2.0
EPS15	1.0	1.0
EPX		
ERAP1		
ERBB2	1.0	2.0
ERBB3	1.0	2.0
ERBB4	1.0	1.0
ERC1	1.0	2.0
ERCC1	1.0	1.0
ERCC2	1.0	1.0
ERCC3	1.0	1.0
ERCC4	1.0	1.0
ERCC5	1.0	1.0
ERCC6	1.0	2.0
ERCC8		
ERG	1.0	2.0
ERLN	1.0	2.0
ERRFI1	1.0	1.0
ESCO2	1.0	1.0
ESR1	1.0	1.0
ETAA1	1.0	1.0
ETF1	1.0	1.0
ETFA		
ETFB		
ETFDH		
ETNK1	1.0	1.0
ETS1	1.0	1.0
ETV1	1.0	2.0
ETV4	1.0	2.0
ETV5	1.0	2.0
ETV6	1.0	1.0
EVC		
EVC2		
EWSR1	1.0	2.0
EXOSC6		
EXT1	1.0	1.0
EXT2	1.0	1.0
EYA1		
EYA4		
EYS		
EZH2	1.0	1.0
EZHIP	1.0	2.0
EZR		
F10		
F12		
F13A1		
F13B		
F2		
F5		
F7		
F8		
F9		
FA2H		
FADD		
FAF1		
FAM131B		
FAM135B		
FAM161A		
FAM47C		
FAM83H		
FANCA	1.0	1.0
FANCB		
FANCC	1.0	1.0
FANCD2	1.0	1.0
FANCE	1.0	1.0
FANCF	1.0	1.0
FANCG	1.0	1.0
FANCI		
FANCL	1.0	1.0
FANCM	1.0	1.0
FASLG		
FASN	1.0	1.0
FAT1	1.0	1.0
FAT3		
FAT4	1.0	1.0
FBF1		
FBLN1		
FBLN2	1.0	1.0
FBLN5		
FBN1		
FBP1		
FBXO11	1.0	1.0
FBXO15		
FBXO25		
FBXO5		
FBXO7		
FBXW2		
FBXW4		
FBXW7	1.0	1.0
FCGR2A		
FCGR2B	1.0	2.0
FCRL3		
FCRL4	1.0	2.0
FECH		
FEN1	1.0	1.0
FERMT3		
FES	1.0	1.0
FEV	1.0	2.0
FGA		
FGB		
FGD1		
FGD4		
FGF1	1.0	2.0
FGF10	1.0	2.0
FGF12		
FGF13	1.0	2.0
FGF14	1.0	1.0
FGF19	1.0	2.0
FGF20		
FGF23	1.0	2.0
FGF3	1.0	2.0
FGF4	1.0	2.0
FGF5	1.0	2.0
FGF6	1.0	2.0
FGF7	1.0	2.0
FGF8	1.0	2.0
FGF9	1.0	2.0
FGFR1	1.0	2.0
FGFR1OP2		
FGFR2	1.0	2.0
FGFR3	1.0	2.0
FGFR4	1.0	2.0
FGG		
FGGY		
FH	1.0	1.0
FHIT	1.0	1.0
FIG4		
FIGLA		
FIP1L1		
FKBP10		
FKBP1B		
FKRP		
FKTN		
FLCN	1.0	1.0
FLII	1.0	2.0
FLNA		
FLNB		
FLNC		
FLT1	1.0	2.0
FLT3	1.0	2.0
FLT4	1.0	2.0
FLVCR2		
FLYWCH1		
FMR1		
FNBP1		
FOLH1	1.0	2.0
FOLR1	1.0	2.0
FOXA1	1.0	1.0
FOXC2		
FOXE3		
FOXF1	1.0	1.0
FOXG1		
FOXJ1		
FOXL2	1.0	1.0
FOXN4	1.0	2.0
FOXO1	1.0	1.0
FOXO3	1.0	1.0
FOXO4	1.0	1.0
FOXP1	1.0	1.0
FOXP2		
FOXP3		
FOXR1	1.0	2.0
FRAS1		
FREM2		
FRMD7		
FRS2	1.0	2.0
FRYL		
FRZB		
FSCN2		
FSHR		
FSTL1	1.0	2.0
FSTL3	1.0	2.0
FTL		
FTSJ1		
FUBP1	1.0	1.0
FUCA1		
FURIN	1.0	2.0
FUS	1.0	1.0
FXN		
FYN	1.0	2.0
FZD4		
FZR1	1.0	1.0
G6PC1		
G6PC3		
G6PD		
GAA		
GAB2	1.0	2.0
GABRA1		
GABRA6	1.0	2.0
GABRB3		
GABRD		
GABRG2		
GAD1		
GADD45B		
GALC		
GALE		
GALK1		
GALNS		
GALNT12		
GALNT3		
GALT		
GAN		
GAPDHP26		
GARS1		
GAS7		
GATA1	1.0	1.0
GATA2	1.0	1.0
GATA3	1.0	1.0
GATA4	1.0	1.0
GATA6	1.0	2.0
GATD3		
GBA1		
GBE1		
GCDH		
GCH1		
GCLC		
GCM2		
GCSH		
GDAP1		
GDF1		
GDF5		
GDF6		
GDI1		
GDNF	1.0	2.0
GEN1		
GFAP		
GFER		
GFM1		
GGCX		
GH1		
GHR		
GHRHR		
GHSR		
GID4		
GIGYF2		
GJA1		
GJA3		
GJA5		
GJB1		
GJB2		
GJB3		
GJB4		
GJB6		
GJC2		
GLB1		
GLDC		
GLE1		
GLI1	1.0	2.0
GLI2		
GLI3		
GLIS3		
GLMN		
GLRA1		
GLRB		
GM2A		
GMPS		
GNA11	1.0	2.0
GNA12	1.0	2.0
GNA13	1.0	1.0
GNAQ	1.0	2.0
GNAS	1.0	2.0
GNAT2		
GNB1	1.0	2.0
GNE		
GNPAT		
GNPDA1		
GNPTAB		
GNPTG		
GNRHR		
GNS		
GOLGA5		
GOLPH3		
GOLT1B		
GOPC		
GOSR2		
GP1BB		
GP9		
GPC3	1.0	1.0
GPC5	1.0	1.0
GPD1L		
GPHN		
GPN1		
GPR12		
GPR143		
GPR176		
GPR35		
GPRIN1		
GPS2	1.0	1.0
GRB7	1.0	2.0
GREM1	1.0	2.0
GRHPR		
GRIA3		
GRID1		
GRIK5		
GRIN2A	1.0	1.0
GRIN2B		
GRM3	1.0	2.0
GRN		
GSDMB		
GSK3B	1.0	2.0
GSN		
GSTP1	1.0	1.0
GTF2H5		
GTF2I	1.0	2.0
GTSE1		
GUCA1A		
GUCA1B		
GUCY2C		
GUCY2D		
GUSB		
GYS1		
GYS2		
H1-2		
H1-3	1.0	1.0
H1-4	1.0	2.0
H1-5	1.0	1.0
H2AC11		
H2AC16		
H2AC17	1.0	2.0
H2AC6		
H2BC11		
H2BC12		
H2BC17		
H2BC4		
H2BC5		
H2BC8		
H3-3A	1.0	2.0
H3-3B	1.0	2.0
H3-4		
H3-5		
H3C1		
H3C10		
H3C11		
H3C12		
H3C13		
H3C14		
H3C15		
H3C2	1.0	2.0
H3C3		
H3C4		
H3C6		
H3C7		
H3C8		
H3P6		
H4C6		
H4C9		
HACE1		
HADHA		
HADHAP1		
HAMP		
HBA1		
HBA2		
HBB		
HBG2		
HCG22		
HCG26		
HCG27		
HCG9		
HCN4		
HCRT		
HDAC1	1.0	2.0
HDAC2	1.0	2.0
HDAC4	1.0	1.0
HDAC7	1.0	2.0
HERPUD1		
HESX1		
HEXA		
HEXB		
HEY1	1.0	2.0
HFE	1.0	2.0
HGD		
HGSNAT		
HHAT	1.0	2.0
HIF1A	1.0	2.0
HIP1	1.0	2.0
HIRA	1.0	1.0
HJV		
HLA-A	1.0	1.0
HLA-B	1.0	1.0
HLA-C	1.0	1.0
HLA-DQA1		
HLA-DQA2		
HLA-DQB1		
HLA-DRA		
HLA-DRB1		
HLA-DRB5		
HLA-DRB6		
HLA-DRB9		
HLA-G		
HLA-S		
HLA-X		
HLCS		
HMBS		
HMCN1		
HMGA1	1.0	2.0
HMGA2	1.0	2.0
HMGN2P46		
HNF1A	1.0	1.0
HNF1B		
HNF4A		
HNRNPA2B1	1.0	2.0
HOGA1		
HOOK1		
HOOK3		
HOXA1		
HOXA11	1.0	1.0
HOXA13	1.0	2.0
HOXA3		
HOXA9	1.0	1.0
HOXB13	1.0	1.0
HOXC11	1.0	2.0
HOXC13	1.0	2.0
HOXD10		
HOXD11	1.0	2.0
HOXD13	1.0	2.0
HPD		
HPGD		
HPRT1		
HPS1		
HPS3		
HPS4		
HPS5		
HPS6		
HR		
HRAS	1.0	2.0
HSD11B2		
HSD17B10		
HSD17B2	1.0	1.0
HSD17B3		
HSD17B4		
HSD3B1	1.0	2.0
HSD3B2		
HSF4		
HSP90AA1	1.0	2.0
HSP90AB1		
HSPA5		
HSPB1		
HSPB3		
HSPB8		
HSPBAP1		
HSPD1		
HSPG2		
HTATIP2	1.0	1.0
HTRA1		
HTRA2		
HUWE1		
HYAL1		
ICOS		
ICOSLG	1.0	2.0
ID1	1.0	2.0
ID3	1.0	1.0
IDH1	1.0	2.0
IDH2	1.0	2.0
IDH3B		
IDS		
IDUA		
IER3		
IFIH1		
IFITM4P		
IFNAR1		
IFNG		
IFNGR1	1.0	1.0
IFNGR2		
IGBP1		
IGF1	1.0	2.0
IGF1R	1.0	2.0
IGF2	1.0	2.0
IGF2BP2	1.0	1.0
IGH		
IGHMBP2		
IGK		
IGL		
IGLL1		
IKBKB	1.0	2.0
IKBKE	1.0	2.0
IKBKG		
IKZF1	1.0	1.0
IKZF2		
IKZF3	1.0	1.0
IL10		
IL10RA		
IL10RB		
IL12B		
IL12RB1		
IL12RB2		
IL13		
IL17F		
IL17RA		
IL17REL		
IL1R1		
IL1R2		
IL1RAPL1		
IL1RN		
IL2		
IL21R		
IL23R		
IL2RA		
IL2RG		
IL3	1.0	2.0
IL4		
IL6		
IL6ST	1.0	2.0
IL7R	1.0	2.0
IMMP2L		
IMPDH1		
IMPG2		
INAVA		
INF2		
ING1	1.0	1.0
ING3		
INHA	1.0	1.0
INHBA	1.0	1.0
INPP4A		
INPP4B	1.0	1.0
INPP5D		
INPPL1	1.0	1.0
INS		
INSL3		
INSR	1.0	2.0
INTS6	1.0	1.0
IQGAP1	1.0	2.0
IQSEC2		
IRF1	1.0	1.0
IRF2	1.0	1.0
IRF4	1.0	1.0
IRF5		
IRF6		
IRF8	1.0	1.0
IRGM		
IRS1	1.0	2.0
IRS2	1.0	2.0
IRS4	1.0	1.0
ISCU		
ISX		
ITCH		
ITGA2B		
ITGA6		
ITGA7		
ITGAM		
ITGAV		
ITGB2		
ITGB3		
ITGB4		
ITK		
ITM2B		
ITPKB	1.0	2.0
ITPKC		
ITPR1		
IVNS1ABP		
IYD		
JAG1		
JAK1	1.0	1.0
JAK2	1.0	2.0
JAK3	1.0	2.0
JARID2	1.0	1.0
JAZF1	1.0	2.0
JPH2		
JUN	1.0	2.0
JUP		
KALRN		
KANK1		
KARS1		
KAT6A	1.0	2.0
KAT6B	1.0	1.0
KAT7	1.0	2.0
KBTBD13		
KBTBD4		
KCNA1		
KCNA5		
KCNC3		
KCND2		
KCNE1		
KCNE2		
KCNE3		
KCNH2		
KCNJ1		
KCNJ13		
KCNJ2		
KCNJ5	1.0	2.0
KCNJ8		
KCNK18		
KCNMA1		
KCNQ1		
KCNQ2		
KCNQ3		
KCNV2		
KCP		
KCTD11		
KCTD7		
KDM2B		
KDM4C		
KDM5A	1.0	2.0
KDM5C	1.0	1.0
KDM5D	1.0	1.0
KDM6A	1.0	1.0
KDR	1.0	2.0
KDSR		
KEAP1	1.0	1.0
KEL	1.0	2.0
KHDC3L		
KIAA0319		
KIAA1549	1.0	2.0
KIF1A		
KIF1B		
KIF21A		
KIF21B		
KIF5A		
KIF5B		
KIF7		
KIRREL3		
KISS1R		
KIT	1.0	2.0
KITLG		
KL		
KLF1		
KLF11		
KLF2	1.0	1.0
KLF3	1.0	1.0
KLF4	1.0	1.0
KLF5	1.0	2.0
KLF6	1.0	1.0
KLHDC8B		
KLHL7	1.0	1.0
KLK2		
KLK4		
KMT2A	1.0	1.0
KMT2B	1.0	1.0
KMT2C	1.0	1.0
KMT2D	1.0	1.0
KMT5A		
KNG1		
KNL1	1.0	1.0
KNSTRN	1.0	2.0
KPNA6		
KPNB1		
KRAS	1.0	2.0
KRIT1		
KRT1		
KRT10		
KRT12		
KRT13		
KRT14		
KRT16		
KRT17		
KRT18		
KRT2		
KRT3		
KRT5		
KRT6A		
KRT6B		
KRT74		
KRT75		
KRT8		
KRT81		
KRT83		
KRT86		
KRT9		
KTN1		
L1CAM		
LACC1		
LAMA4		
LAMB3		
LAMC1		
LAMC2		
LAMP2		
LAMTOR2		
LARGE1		
LARP4B	1.0	1.0
LASP1		
LATS1	1.0	1.0
LATS2	1.0	1.0
LBR		
LCA5		
LCAT		
LCK	1.0	2.0
LDB3		
LDHA		
LDLR		
LDLRAP1		
LEF1	1.0	1.0
LEMD3		
LEP		
LEPROTL1	1.0	1.0
LGI1		
LGR5	1.0	2.0
LHCGR		
LHFPL6		
LHX3		
LHX4		
LIFR		
LIG4		
LINC00598		
LINC01235		
LINC01548		
LINC03040		
LIPC		
LIPH		
LIPI		
LIPN		
LITAF		
LMAN1		
LMBR1		
LMNA	1.0	2.0
LMNB2		
LMO1	1.0	2.0
LMO2	1.0	2.0
LMX1B		
LNPK		
LNX1		
LONP1	1.0	2.0
LORICRIN		
LOX		
LOXL1		
LPAR6		
LPIN1		
LPL		
LPP	1.0	2.0
LRAT		
LRATD2		
LRIG3	1.0	1.0
LRP1B	1.0	1.0
LRP5	1.0	1.0
LRP6	1.0	2.0
LRP8		
LRPPRC		
LRRC32		
LRRC8A		
LRRK2		
LSM14A		
LSP1		
LTA		
LTA4H		
LTB	1.0	1.0
LTBR		
LTK	1.0	2.0
LYL1	1.0	2.0
LYN	1.0	2.0
LYST		
LYZ		
LZTR1	1.0	1.0
LZTS1		
MACC1	1.0	2.0
MACROD1		
MACROH2A1		
MAD1L1		
MAD2L2	1.0	1.0
MAF	1.0	2.0
MAFB	1.0	2.0
MAFIP		
MAGEC2		
MAGED1		
MAGI2	1.0	1.0
MAGT1		
MAL2	1.0	1.0
MALAT1		
MALRD1		
MALT1	1.0	2.0
MAML2	1.0	2.0
MAN1B1		
MAN2B1		
MANBA		
MAP2K1	1.0	2.0
MAP2K2	1.0	2.0
MAP2K3		
MAP2K4	1.0	1.0
MAP3K1	1.0	1.0
MAP3K13	1.0	1.0
MAP3K14	1.0	2.0
MAP3K21	1.0	2.0
MAP3K6		
MAP3K7	1.0	2.0
MAP3K9		
MAP4K4	1.0	2.0
MAP4K5		
MAPK1	1.0	2.0
MAPK3	1.0	2.0
MAPK8IP1		
MAPKAP1		
MAPRE2		
MAPT		
MASTL		
MATN3		
MATR3		
MAX	1.0	1.0
MB21D2		
MBD1		
MBD4	1.0	1.0
MBD5		
MBD6	1.0	1.0
MBNL1		
MC1R		
MC4R		
MCF2L2		
MCFD2		
MCL1	1.0	2.0
MCOLN1		
MDM2	1.0	2.0
MDM4	1.0	2.0
MDS2		
MECOM	1.0	2.0
MECP2		
MED12	1.0	1.0
MED13L		
MED23		
MED9		
MEF2A		
MEF2B	1.0	2.0
MEF2C	1.0	1.0
MEF2D	1.0	2.0
MEFV		
MEIS1		
MELK		
MEN1	1.0	1.0
MERTK	1.0	2.0
MEX3C		
MFAP4		
MFHAS1		
MFN2		
MFRP		
MFSD8		
MGAM	1.0	1.0
MGMT	1.0	1.0
MIB1		
MICA		
MICB		
MICU3		
MID1		
MIDEAS	1.0	1.0
MITF	1.0	1.0
MKI67	1.0	2.0
MKKS		
MKNK1		
MKS1		
MLH1	1.0	1.0
MLH3	1.0	1.0
MLLT1		
MLLT10	1.0	2.0
MLLT11		
MLLT3	1.0	2.0
MLLT6		
MMAB	1.0	1.0
MMACHC		
MMP2		
MMP25		
MMP9		
MN1	1.0	2.0
MNX1		
MOB3B	1.0	1.0
MOG		
MOGAT2		
MOGS		
MPDU1		
MPEG1		
MPI		
MPL	1.0	2.0
MPLKIP		
MPP3		
MPZ		
MRE11	1.0	1.0
MREG		
MRPL49P2		
MRPS16		
MRPS22		
MRTFA	1.0	1.0
MS4A1		
MSH2	1.0	1.0
MSH3	1.0	1.0
MSH6	1.0	1.0
MSI1	1.0	2.0
MSI2	1.0	2.0
MSLN		
MSMB		
MSN		
MSR1		
MST1R	1.0	2.0
MSTN		
MSX1		
MSX2		
MT-ATP6		
MT-CO1		
MT-CO3		
MT-CYB		
MT-ND2		
MT-ND3		
MT-ND4		
MT-ND4L		
MT-ND5		
MT-ND6		
MT-TP		
MTAP	1.0	1.0
MTCH1		
MTHFD1		
MTHFD2	1.0	2.0
MTHFR		
MTM1		
MTMR14		
MTMR2		
MTNR1B		
MTOR	1.0	2.0
MTR		
MTRR		
MTUS1		
MUC1		
MUC16		
MUC4		
MUC6		
MUC7		
MUSK		
MUTYH	1.0	1.0
MVK		
MXI1		
MYB	1.0	2.0
MYBL1	1.0	2.0
MYBPC3		
MYC	1.0	2.0
MYCL	1.0	2.0
MYCN	1.0	2.0
MYD88	1.0	2.0
MYF6		
MYH11	1.0	1.0
MYH2		
MYH6		
MYH7		
MYH8		
MYH9	1.0	1.0
MYL1		
MYL2		
MYL3		
MYLK		
MYLK2		
MYO18A		
MYO1E		
MYO5A	1.0	2.0
MYO6		
MYO7A		
MYO9B		
MYOC		
MYOD1	1.0	1.0
MYOT		
MYOZ2		
N4BP2	1.0	1.0
NAB2	1.0	1.0
NACA		
NADK	1.0	2.0
NAGA		
NAGLU		
NAT8		
NAV3		
NBEA		
NBEAL2		
NBEAP1		
NCF1		
NCF2		
NCF4		
NCKIPSD		
NCOA1		
NCOA2	1.0	2.0
NCOA3	1.0	2.0
NCOA4	1.0	1.0
NCOR1	1.0	1.0
NCOR2	1.0	1.0
NCSTN	1.0	2.0
NDE1		
NDRG1	1.0	1.0
NDUFA13		
NDUFS7		
NDUFS8		
NDUFV1		
NEB		
NECTIN1		
NEFH		
NEFL		
NEGR1		
NEK1		
NETO1		
NEU1		
NEUROD1		
NEUROG3		
NEXN		
NF1	1.0	1.0
NF2	1.0	1.0
NFATC2	1.0	1.0
NFE2	1.0	2.0
NFE2L2	1.0	1.0
NFIB		
NFKB2	1.0	1.0
NFKBIA	1.0	1.0
NFKBIE	1.0	1.0
NFKBIL1		
NGF		
NHEJ1		
NHERF1	1.0	1.0
NHLRC1		
NHP2		
NIN		
NIPA1		
NIPBL		
NKAIN2		
NKX2-1	1.0	1.0
NKX2-3		
NKX2-5		
NKX2-6		
NKX3-1	1.0	1.0
NLGN4X		
NLRP1		
NLRP12		
NLRP3		
NLRP7		
NME8		
NOBOX		
NOD1		
NOD2		
NODAL		
NOG		
NONO		
NOP10		
NOP56		
NOTCH1	1.0	1.0
NOTCH2	1.0	1.0
NOTCH3	1.0	1.0
NOTCH4	1.0	1.0
NPC1		
NPC2		
NPHP1		
NPHS1		
NPHS2		
NPM1	1.0	1.0
NPPA		
NQO1	1.0	2.0
NR0B1		
NR0B2		
NR2E3		
NR2F2		
NR3C2		
NR4A3	1.0	2.0
NR5A1		
NRAD1		
NRAS	1.0	2.0
NRG1	1.0	1.0
NRIP1		
NRL		
NSD1	1.0	1.0
NSD2	1.0	2.0
NSD3	1.0	2.0
NSMF		
NT5C2	1.0	2.0
NT5C3A		
NTF4		
NTHL1	1.0	1.0
NTRK1	1.0	1.0
NTRK2	1.0	2.0
NTRK3	1.0	2.0
NUDT19		
NUF2	1.0	2.0
NUMA1		
NUP214	1.0	2.0
NUP62		
NUP93		
NUP98	1.0	2.0
NUTM1	1.0	2.0
NUTM2A		
NUTM2B		
NUTM2D		
NXF5		
NXPE1		
NYX		
OAT		
OCA2		
OCRL		
OFD1		
OGG1		
OLIG1		
OLIG2	1.0	2.0
OLIG3		
OLR1		
OMD		
ONECUT2	1.0	2.0
OPA3		
OPCML		
OPHN1		
OPN1LW		
OPN1MW		
OPN1MW2		
OPN1SW		
OPTN		
OR7H2P		
ORMDL3		
OSBPL3		
OSGIN2		
OSMR		
OSTM1		
OTC		
OTUD3		
P2RY8	1.0	1.0
P3H1		
PABPC1		
PABPC1P9		
PABPN1		
PADI4		
PAFAH1B1		
PAFAH1B2		
PAG1		
PAH		
PAK6	1.0	2.0
PALB2	1.0	1.0
PALLD		
PANK2		
PARD3B		
PARK7		
PARP1	1.0	1.0
PARP2		
PARP3		
PASK		
PATZ1	1.0	1.0
PAX2		
PAX3	1.0	2.0
PAX4		
PAX5	1.0	1.0
PAX6		
PAX7	1.0	2.0
PAX8	1.0	2.0
PBRM1	1.0	1.0
PBX1	1.0	2.0
PCARE		
PCBD1		
PCBP1		
PCCA		
PCCB		
PCDH15		
PCLO		
PCSK7		
PCSK9		
PDCD1	1.0	2.0
PDCD10		
PDCD11		
PDCD1LG2	1.0	2.0
PDE4D		
PDE4DIP		
PDE6A		
PDE6B		
PDE6C		
PDE6G		
PDE6H		
PDE8B		
PDGFB	1.0	2.0
PDGFRA	1.0	2.0
PDGFRB	1.0	2.0
PDGFRL		
PDHA1		
PDHB		
PDHX		
PDPK1	1.0	2.0
PDS5B	1.0	1.0
PDYN		
PDZD7		
PEPD		
PER2		
PEX1		
PEX10		
PEX12		
PEX13		
PEX14		
PEX16		
PEX19		
PEX2		
PEX26		
PEX3		
PEX5		
PEX6		
PEX7		
PFKM		
PGAM2		
PGAP3	1.0	1.0
PGBD5	1.0	2.0
PGM1		
PGR	1.0	2.0
PHEX		
PHF1		
PHF19	1.0	2.0
PHF23		
PHF6	1.0	1.0
PHF8		
PHIP		
PHKA1		
PHKA2		
PHKB		
PHKG2		
PHLPP1	1.0	1.0
PHLPP2	1.0	1.0
PHOX2B	1.0	1.0
PHYH		
PICALM		
PIERCE2		
PIGA	1.0	1.0
PIGU	1.0	2.0
PIGV		
PIK3C2B	1.0	2.0
PIK3C2G		
PIK3C3		
PIK3CA	1.0	2.0
PIK3CB	1.0	2.0
PIK3CD	1.0	2.0
PIK3CG	1.0	2.0
PIK3R1	1.0	1.0
PIK3R2	1.0	1.0
PIK3R3	1.0	1.0
PIKFYVE		
PINK1		
PITPNM3		
PITX1		
PITX3		
PKD1		
PKD1L1		
PKD1L1-AS1		
PKDCC		
PKHD1		
PKN1	1.0	2.0
PKP1		
PKP2		
PLA2G6		
PLA2G7		
PLAG1	1.0	2.0
PLCE1		
PLCG1	1.0	2.0
PLCG2	1.0	2.0
PLEC		
PLEKHG5		
PLEKHM1		
PLG		
PLIN1		
PLK2		
PLN		
PLOD1		
PLOD2		
PLP1		
PMAIP1	1.0	1.0
PMEPA1	1.0	1.0
PML	1.0	1.0
PMM2		
PMP22		
PMS1	1.0	1.0
PMS2	1.0	1.0
PNKD		
PNPLA2		
PNPLA6		
PNRC1		
PODXL		
POF1B		
POLD1	1.0	1.0
POLE	1.0	1.0
POLG	1.0	1.0
POLG2		
POLK	1.0	1.0
POLQ	1.0	1.0
POLR1C		
POLR1D		
POLR1HASP		
POLR2A		
POMC		
POMGNT1		
POMT1		
POMT2		
PON1		
PORCN		
POT1	1.0	1.0
POU2AF1	1.0	2.0
POU2F2	1.0	2.0
POU3F2	1.0	2.0
POU3F4	1.0	2.0
POU5F1	1.0	2.0
POU6F2		
PPARG	1.0	1.0
PPFIBP1		
PPIB		
PPM1D	1.0	2.0
PPP1CB		
PPP1R3A		
PPP1R3B		
PPP2R1A	1.0	1.0
PPP2R2A	1.0	1.0
PPP2R2B		
PPP4R2		
PPP6C	1.0	1.0
PPT1		
PQBP1		
PRCC	1.0	2.0
PRCD		
PRDM1	1.0	1.0
PRDM14		
PRDM16	1.0	2.0
PRDM2	1.0	1.0
PRDX6		
PREX2	1.0	2.0
PRF1	1.0	1.0
PRICKLE1		
PRICKLE2		
PRKACA	1.0	2.0
PRKAG2		
PRKAR1A	1.0	1.0
PRKCB	1.0	1.0
PRKCG		
PRKCH		
PRKCI	1.0	2.0
PRKD1		
PRKD2		
PRKDC	1.0	1.0
PRKG2		
PRKN	1.0	1.0
PRKRA		
PRNP		
PROC		
PROK2		
PROKR2		
PROM1		
PROP1		
PROS1		
PROX1		
PRPF3		
PRPF31		
PRPF40B		
PRPF6		
PRPF8	1.0	1.0
PRPH2		
PRPS1		
PRRT2		
PRRX1		
PRSS1		
PRSS12		
PRSS8		
PRXL2B		
PSEN1		
PSEN2		
PSENEN		
PSIP1	1.0	2.0
PSMB2	1.0	2.0
PSMD2		
PSORS1C1		
PSORS1C2		
PSORS1C3		
PTCH1	1.0	1.0
PTCH2		
PTEN	1.0	1.0
PTF1A		
PTGER4		
PTGS2		
PTH		
PTH1R		
PTK6	1.0	1.0
PTK7		
PTP4A1		
PTPN1	1.0	1.0
PTPN11	1.0	2.0
PTPN13	1.0	1.0
PTPN14	1.0	1.0
PTPN2	1.0	1.0
PTPN22		
PTPN6	1.0	1.0
PTPRB	1.0	1.0
PTPRC	1.0	1.0
PTPRD	1.0	1.0
PTPRK	1.0	1.0
PTPRS	1.0	1.0
PTPRT	1.0	1.0
PTPRU		
PUM1		
PUS1		
PUS10		
PWWP2A		
PXMP2		
PYCR1		
PYGL		
PYGM		
QDPR		
QKI	1.0	1.0
RAB27A		
RAB35	1.0	2.0
RAB39B		
RAB7A		
RABEP1		
RAC2	1.0	2.0
RAD17	1.0	1.0
RAD21	1.0	1.0
RAD50	1.0	1.0
RAD51	1.0	1.0
RAD51B	1.0	1.0
RAD51C	1.0	1.0
RAD51D	1.0	1.0
RAD52		
RAD54L		
RAG1		
RAG2		
RAI1		
RALGDS		
RALGPS2		
RANBP2	1.0	1.0
RAP1B		
RAP1GDS1	1.0	2.0
RAPSN		
RARA	1.0	2.0
RASA1	1.0	1.0
RASGEF1A		
RASGEF1B		
RASGRP1		
RAX2		
RB1	1.0	1.0
RBM10	1.0	1.0
RBM15	1.0	1.0
RBM20		
RCL1		
RD3		
RDH12		
RECQL	1.0	1.0
RECQL4	1.0	1.0
REEP1		
REL	1.0	2.0
RELN		
RERE		
REST	1.0	1.0
RET	1.0	2.0
REV3L	1.0	2.0
RFT1		
RFWD3	1.0	1.0
RFX5		
RFXANK		
RFXAP		
RGL4		
RGPD3		
RGS7		
RHEBP1	1.0	2.0
RHOA	1.0	1.0
RHOD		
RHOH	1.0	1.0
RICTOR	1.0	2.0
RIMS1		
RIOK2	1.0	2.0
RIPK2		
RIT1	1.0	2.0
RLBP1		
RMI2	1.0	1.0
RNASE1	1.0	2.0
RNASE12		
RNASE3	1.0	2.0
RNASEH2A	1.0	2.0
RNASEH2B	1.0	1.0
RNASEL		
RNF139		
RNF146		
RNF186		
RNF2	1.0	1.0
RNF213		
RNF217-AS1		
RNF43	1.0	1.0
RNF6		
RNF7		
RNU7-2P		
RNU7-31P		
RNU7-34P		
ROBO1	1.0	1.0
ROBO2	1.0	1.0
ROBO3		
ROCK1		
ROM1		
RORA		
ROS1	1.0	2.0
RP9		
RPE65		
RPGR		
RPGRIP1		
RPL11		
RPL13AP14		
RPL15	1.0	1.0
RPL22	1.0	1.0
RPL23AP1		
RPL23AP12		
RPL23P4		
RPL28P4		
RPL30P9		
RPL31P10		
RPL31P13		
RPL35A		
RPL35AP15		
RPL35P3		
RPL37AP1		
RPL39P28		
RPL3P11		
RPL3P2		
RPL5	1.0	1.0
RPL6P5		
RPS10		
RPS14P1		
RPS15	1.0	2.0
RPS17		
RPS19		
RPS20P32		
RPS23P3		
RPS24		
RPS26		
RPS3AP42		
RPS3AP46		
RPS6KA3		
RPS6KA4	1.0	2.0
RPS6KB1	1.0	2.0
RPS6KB2	1.0	2.0
RPS7		
RPTOR	1.0	2.0
RRAGC	1.0	2.0
RRAS	1.0	2.0
RRAS2	1.0	2.0
RRM2B		
RSC1A1		
RSPH4A		
RSPH9		
RSPO1		
RSPO2	1.0	1.0
RSPO3	1.0	2.0
RTEL1	1.0	1.0
RUNX1	1.0	1.0
RUNX1T1	1.0	1.0
RUNX2		
RUNX3		
RXFP2		
RXRA	1.0	1.0
RYBP	1.0	1.0
RYR1		
RYR2		
S100A7		
S100A9		
S1PR2		
SAA1		
SAA2		
SALL1		
SALL4	1.0	2.0
SAMD9		
SAMD9L		
SAMHD1	1.0	1.0
SAR1B		
SART3		
SATB2		
SBDS	1.0	1.0
SBF2		
SCAPER		
SCARB2		
SCG5	1.0	2.0
SCGB1D1		
SCN1A		
SCN1B		
SCN2A		
SCN3B		
SCN4A		
SCN4B		
SCN5A		
SCN9A		
SCNN1A		
SCNN1B		
SCNN1G		
SCO1		
SCO2		
SDC4		
SDHA	1.0	1.0
SDHAF2	1.0	1.0
SDHB	1.0	1.0
SDHC	1.0	1.0
SDHD	1.0	1.0
SEC14L2		
SEC14L3		
SEC23B		
SEC31A		
SEC63		
SELENON		
SELENOP		
SEMA3C		
SEMA4A		
SEPTIN11		
SEPTIN5		
SEPTIN6		
SEPTIN9		
SERP2		
SERPINA1		
SERPINB3	1.0	1.0
SERPINB4		
SERPINC1		
SERPINE1		
SERPINF1		
SERPING1		
SERPINH1		
SESN1	1.0	1.0
SESN2	1.0	1.0
SESN3	1.0	1.0
SET	1.0	2.0
SETBP1	1.0	2.0
SETD1A	1.0	2.0
SETD1B	1.0	1.0
SETD2	1.0	1.0
SETD3		
SETD4		
SETD5		
SETD6		
SETD7		
SETDB1	1.0	1.0
SETDB2	1.0	1.0
SETX		
SF3B2	1.0	2.0
SFPQ	1.0	1.0
SFRP1	1.0	1.0
SFRP2	1.0	1.0
SFRP4	1.0	1.0
SFTPA1		
SFTPA2		
SFTPB		
SFTPC		
SGCA		
SGCB		
SGCD		
SGCE		
SGCG		
SGK1	1.0	2.0
SGSH		
SH2B3	1.0	1.0
SH2D1A	1.0	1.0
SH3BP2		
SH3GL1	1.0	2.0
SH3TC2		
SHH		
SHOC2	1.0	2.0
SHQ1	1.0	1.0
SHROOM4		
SHTN1		
SIAE		
SIK1		
SIL1		
SIRPA	1.0	1.0
SIX1	1.0	2.0
SIX2	1.0	2.0
SIX3		
SIX5		
SIX6		
SLC11A2		
SLC12A1		
SLC12A3		
SLC12A6		
SLC16A2		
SLC17A5		
SLC19A2		
SLC19A3		
SLC1A2		
SLC1A3		
SLC22A4		
SLC25A1	1.0	1.0
SLC25A13		
SLC25A4		
SLC26A2		
SLC26A3		
SLC26A4		
SLC29A3		
SLC2A1		
SLC2A2		
SLC2A4		
SLC2A9		
SLC33A1		
SLC34A1		
SLC34A2	1.0	1.0
SLC34A3		
SLC35A1		
SLC35C1		
SLC37A4		
SLC3A1		
SLC40A1		
SLC44A3		
SLC45A2		
SLC45A3		
SLC49A4		
SLC4A1		
SLC4A11		
SLC4A4		
SLC52A1		
SLC52A3		
SLC5A2		
SLC5A5		
SLC67A1		
SLC6A19		
SLC6A2		
SLC6A4		
SLC6A8		
SLC7A9		
SLC9A3		
SLC9A6		
SLFN11	1.0	1.0
SLIT1	1.0	1.0
SLIT3		
SLITRK1		
SLTM	1.0	2.0
SLURP1		
SLX4	1.0	1.0
SMAD2	1.0	1.0
SMAD3	1.0	1.0
SMAD4	1.0	1.0
SMAD7		
SMAD9		
SMARCA1	1.0	1.0
SMARCA2	1.0	1.0
SMARCA4	1.0	1.0
SMARCB1	1.0	1.0
SMARCD1	1.0	1.0
SMARCE1	1.0	1.0
SMC1A	1.0	1.0
SMC3	1.0	1.0
SMG1	1.0	1.0
SMN1		
SMN2		
SMOC1		
SMOX	1.0	2.0
SMPD1		
SMURF1		
SMYD3	1.0	2.0
SNAI2		
SNCA		
SNCAIP		
SND1	1.0	2.0
SNORA47		
SNRNP200		
SNTA1		
SNX20		
SNX29		
SOCS1	1.0	1.0
SOCS2		
SOCS3	1.0	1.0
SOD1		
SOD2		
SOS1	1.0	2.0
SOST		
SOX10	1.0	2.0
SOX17	1.0	1.0
SOX2	1.0	2.0
SOX21	1.0	1.0
SOX3		
SOX9	1.0	1.0
SP140	1.0	1.0
SP7		
SPANXN4		
SPART		
SPAST		
SPATA31H1		
SPATA7		
SPECC1		
SPEN	1.0	1.0
SPG11		
SPG21		
SPG7		
SPINK1		
SPINK5		
SPINT2		
SPOP	1.0	1.0
SPRED1	1.0	1.0
SPRTN	1.0	1.0
SPTA1		
SPTB		
SPTBN2		
SPTLC1		
SPTLC2		
SQSTM1	1.0	2.0
SRC	1.0	2.0
SRD5A2		
SRGAP3		
SRP72	1.0	2.0
SRPX2		
SRSF2	1.0	2.0
SRSF3	1.0	2.0
SRY		
SS18	1.0	2.0
SS18L1		
SSBP2		
SSX1	1.0	2.0
SSX2	1.0	2.0
SSX2B		
SSX4	1.0	2.0
ST13P1		
ST13P12		
ST3GAL3		
ST8SIA4		
STAG2	1.0	1.0
STAT1		
STAT2		
STAT3	1.0	2.0
STAT4	1.0	2.0
STAT5A	1.0	2.0
STAT5B	1.0	1.0
STAT6	1.0	2.0
STIL	1.0	2.0
STK10		
STK11	1.0	1.0
STK4	1.0	1.0
STK40		
STOX1		
STRC		
STRN		
STS		
STX11		
STX16		
STXBP2		
SUB1		
SUFU	1.0	1.0
SUGCT		
SUMF1		
SUMO2P1		
SURF1		
SUZ12	1.0	1.0
SYF2		
SYK	1.0	2.0
SYNE1		
SYNE2		
SYNGAP1		
SYP		
SYT14		
SZT2		
TACO1		
TACSTD2	1.0	2.0
TAF1	1.0	2.0
TAF15	1.0	2.0
TAL1	1.0	2.0
TAL2	1.0	2.0
TANK		
TARDBP		
TAT		
TBC1D24		
TBKBP1		
TBL1XR1	1.0	1.0
TBP		
TBX1		
TBX20		
TBX21		
TBX22		
TBX3	1.0	1.0
TBX4		
TBXT		
TCAP		
TCEA1P2		
TCF12		
TCF7L1	1.0	1.0
TCF7L2	1.0	1.0
TCIRG1		
TCL1A	1.0	2.0
TCL1B	1.0	2.0
TCOF1		
TCTA		
TDP1		
TEC	1.0	2.0
TECR		
TEK		
TENT5C	1.0	1.0
TERC		
TERT	1.0	1.0
TET1	1.0	1.0
TET2	1.0	1.0
TET3	1.0	1.0
TFAP2A		
TFAP2B		
TFE3	1.0	2.0
TFEB	1.0	2.0
TFG		
TFPT		
TFR2		
TFRC		
TG		
TGFB1		
TGFBI		
TGFBR1	1.0	1.0
TGFBR2	1.0	1.0
TGIF1		
TGM1		
TGM6		
TH		
THAP1		
THBD		
THBS2		
THPO		
THRAP3		
THRB	1.0	2.0
TIGAR	1.0	2.0
TIMP3		
TINAGL1		
TINF2		
TIPARP		
TLE1		
TLE2		
TLE3		
TLE4		
TLL1		
TLL2		
TLR3		
TLR4		
TLR5		
TLX1	1.0	2.0
TLX3	1.0	2.0
TMC6		
TMC8		
TMEM106B		
TMEM126A		
TMEM127	1.0	1.0
TMEM167A		
TMEM17		
TMEM30A		
TMEM43		
TMEM67		
TMPO		
TMPRSS2		
TMPRSS5		
TMPRSS6		
TMSB4X		
TMSB4XP8		
TNC	1.0	2.0
TNF		
TNFAIP3	1.0	1.0
TNFRSF10B		
TNFRSF11A		
TNFRSF13B		
TNFRSF13C		
TNFRSF14	1.0	1.0
TNFRSF17	1.0	2.0
TNFRSF1A		
TNFRSF6B		
TNFSF11		
TNFSF13	1.0	2.0
TNFSF15		
TNFSF4		
TNKS		
TNNI3		
TNNT1		
TNNT2		
TNRC18		
TONSL		
TOP2A	1.0	2.0
TOPORS		
TOR1A		
TOX4		
TP53	1.0	1.0
TP53BP1	1.0	1.0
TP63	1.0	1.0
TPM1		
TPM2		
TPM3	1.0	1.0
TPM4		
TPMT		
TPR		
TRA	1.0	2.0
TRAF3	1.0	1.0
TRAF3IP2		
TRAF5	1.0	1.0
TRAF7	1.0	1.0
TRAPPC2		
TRAPPC9		
TRD-GTC9-1	1.0	2.0
TREM2		
TREX1		
TRG	1.0	2.0
TRIB1		
TRIB2		
TRIB3	1.0	2.0
TRIM24	1.0	1.0
TRIM27	1.0	2.0
TRIM32		
TRIM33	1.0	1.0
TRIM37		
TRIP11		
TRIP13	1.0	1.0
TRPC6		
TRPM6		
TRPM7		
TRPS1		
TRPV4		
TRRAP	1.0	2.0
TSC1	1.0	1.0
TSC2	1.0	1.0
TSHR	1.0	2.0
TSPAN7		
TSPYL1		
TTBK2		
TTC21B		
TTC8		
TTN		
TTPA		
TTR		
TUBA1A		
TUBB2B		
TULP1		
TUSC3		
TWIST1		
TWIST2		
TWNK		
TYK2	1.0	2.0
TYMP		
TYMS	1.0	2.0
TYR		
TYRO3		
TYROBP		
TYRP1		
U2AF1	1.0	2.0
U2AF2		
UBA1	1.0	2.0
UBE2A	1.0	2.0
UBE3A		
UBIAD1		
UBQLN2		
UBR5	1.0	2.0
UBTF	1.0	2.0
UCHL1	1.0	2.0
UCP3		
UGT1A1		
UGT1A4		
UMOD		
UNC119		
UNC13D		
UNC93B1		
UNG		
UPF1		
UPF3B		
UROD		
UROS		
USB1		
USF1		
USH1C		
USH1G		
USH2A		
USP1	1.0	2.0
USP21		
USP25		
USP44	1.0	1.0
USP6	1.0	2.0
USP8	1.0	2.0
USP9X		
USP9Y		
UVRAG		
VANGL1		
VAPB		
VAV1	1.0	2.0
VAV2	1.0	2.0
VCL		
VCP		
VDR		
VEGFA	1.0	2.0
VHL	1.0	1.0
VPS13A		
VPS35		
VRK1		
VSX1		
VSX2		
VTCN1		
VTI1A		
VWF		
WAS	1.0	2.0
WASF5P		
WASHC5		
WDCP		
WDPCP		
WDR35		
WDR36		
WDR90		
WEE1	1.0	1.0
WFS1		
WHR1	1.0	2.0
WHRN		
WIF1	1.0	1.0
WNK1		
WNK2	1.0	1.0
WNK4		
WNT10A		
WNT4		
WNT5A		
WNT7A		
WRAP53		
WRN	1.0	1.0
WSCD1		
WT1	1.0	1.0
WWOX		
WWP1	1.0	2.0
WWTR1	1.0	2.0
XBP1P1	1.0	2.0
XIAP	1.0	2.0
XK		
XPA	1.0	1.0
XPC	1.0	1.0
XPO1	1.0	2.0
XRCC1	1.0	1.0
XRCC2	1.0	1.0
XRCC3		
YAP1	1.0	2.0
YARS1		
YES1	1.0	2.0
YPEL5		
YWHAE	1.0	1.0
YY1	1.0	2.0
YY1AP1		
ZBTB16	1.0	1.0
ZBTB20	1.0	1.0
ZBTB40		
ZBTB7A	1.0	1.0
ZCCHC8		
ZDHHC15		
ZDHHC2		
ZDHHC9		
ZEB1	1.0	2.0
ZFHX3	1.0	1.0
ZFP36L1	1.0	1.0
ZFP36L2	1.0	1.0
ZFP57		
ZFP90		
ZFPM2		
ZFYVE19		
ZFYVE26		
ZFYVE27		
ZIC2		
ZIC3		
ZMYM2		
ZMYM3	1.0	1.0
ZNF160		
ZNF217	1.0	2.0
ZNF24		
ZNF292	1.0	1.0
ZNF320		
ZNF331	1.0	1.0
ZNF384		
ZNF41		
ZNF429		
ZNF479		
ZNF512		
ZNF513		
ZNF521	1.0	2.0
ZNF592		
ZNF644		
ZNF674		
ZNF703		
ZNF711		
ZNF750	1.0	1.0
ZNF81		
ZNRF3	1.0	1.0
ZPBP2		
ZPR1		
ZRSR2	1.0	1.0
